{"cameraMode":{"drawMode":0,"name":"Shaded","section":"Shading Mode"},"sceneLighting":false,"audioPlay":false,"sceneViewState":{"m_AlwaysRefresh":false,"showFog":true,"showSkybox":false,"showFlares":true,"showImageEffects":true,"showParticleSystems":true,"showVisualEffectGraphs":true,"m_FxEnabled":true},"in2DMode":false,"pivot":{"x":0.008309423923492432,"y":-0.06925980746746063,"z":1.4829435348510743},"rotation":{"x":0.0029953643679618837,"y":0.04947911202907562,"z":-0.00017850036965683103,"w":0.998812198638916},"size":4.392000675201416,"orthographic":false}