{"cameraMode":{"drawMode":0,"name":"Shaded","section":"Shading Mode"},"sceneLighting":false,"audioPlay":false,"sceneViewState":{"m_AlwaysRefresh":false,"showFog":true,"showSkybox":false,"showFlares":true,"showImageEffects":true,"showParticleSystems":true,"showVisualEffectGraphs":true,"m_FxEnabled":true},"in2DMode":false,"pivot":{"x":33.36721420288086,"y":0.8016924858093262,"z":51.45492172241211},"rotation":{"x":0.013496753759682179,"y":-0.018904738128185273,"z":-0.00024906834005378187,"w":-0.999755322933197},"size":0.8660253882408142,"orthographic":false}