{"cameraMode":{"drawMode":0,"name":"Shaded","section":"Shading Mode"},"sceneLighting":false,"audioPlay":false,"sceneViewState":{"m_AlwaysRefresh":false,"showFog":true,"showSkybox":false,"showFlares":true,"showImageEffects":true,"showParticleSystems":true,"showVisualEffectGraphs":true,"m_FxEnabled":true},"in2DMode":false,"pivot":{"x":-0.09122622013092041,"y":1.7721118927001954,"z":0.0563197135925293},"rotation":{"x":0.06886256486177445,"y":0.04935956746339798,"z":-0.003441886743530631,"w":0.9964398145675659},"size":1.4657931327819825,"orthographic":false}