{"cameraMode":{"drawMode":0,"name":"Shaded","section":"Shading Mode"},"sceneLighting":false,"audioPlay":false,"sceneViewState":{"m_AlwaysRefresh":false,"showFog":true,"showSkybox":false,"showFlares":true,"showImageEffects":true,"showParticleSystems":true,"showVisualEffectGraphs":true,"m_FxEnabled":true},"in2DMode":false,"pivot":{"x":-7.766060829162598,"y":2.2455952167510988,"z":-0.5599982738494873},"rotation":{"x":0.013496753759682179,"y":-0.018904738128185273,"z":-0.00024906834005378187,"w":-0.999755322933197},"size":2.6815602779388429,"orthographic":false}