{"cameraMode":{"drawMode":0,"name":"Shaded","section":"Shading Mode"},"sceneLighting":false,"audioPlay":false,"sceneViewState":{"m_AlwaysRefresh":false,"showFog":true,"showSkybox":false,"showFlares":true,"showImageEffects":true,"showParticleSystems":true,"showVisualEffectGraphs":true,"m_FxEnabled":true},"in2DMode":false,"pivot":{"x":0.12125778198242188,"y":8.231316566467286,"z":-0.06658077239990235},"rotation":{"x":0.06886256486177445,"y":0.04935956746339798,"z":-0.003441886743530631,"w":0.9964398145675659},"size":14.386406898498536,"orthographic":false}