{"cameraMode":{"drawMode":0,"name":"Shaded","section":"Shading Mode"},"sceneLighting":false,"audioPlay":false,"sceneViewState":{"m_AlwaysRefresh":false,"showFog":true,"showSkybox":false,"showFlares":true,"showImageEffects":true,"showParticleSystems":true,"showVisualEffectGraphs":true,"m_FxEnabled":true},"in2DMode":false,"pivot":{"x":1.8194499015808106,"y":7.941945552825928,"z":-2.284268379211426},"rotation":{"x":0.06886256486177445,"y":0.04935956746339798,"z":-0.003441886743530631,"w":0.9964398145675659},"size":7.302272319793701,"orthographic":false}