{"cameraMode":{"drawMode":0,"name":"Shaded","section":"Shading Mode"},"sceneLighting":true,"audioPlay":false,"sceneViewState":{"m_AlwaysRefresh":false,"showFog":true,"showSkybox":true,"showFlares":true,"showImageEffects":true,"showParticleSystems":true,"showVisualEffectGraphs":true,"m_FxEnabled":true},"in2DMode":false,"pivot":{"x":0.8619064092636108,"y":-17.000215530395509,"z":6.834425926208496},"rotation":{"x":-0.6599604487419128,"y":0.11773344874382019,"z":-0.10581885278224945,"w":-0.7345001697540283},"size":18.450828552246095,"orthographic":false}